{"cameraMode":{"drawMode":0,"name":"Shaded","section":"Shading Mode"},"sceneLighting":true,"audioPlay":false,"sceneViewState":{"showFog":true,"showMaterialUpdate":false,"showSkybox":true,"showFlares":true,"showImageEffects":true,"showParticleSystems":true},"in2DMode":false,"pivot":{"x":3.505014181137085,"y":-1.1009092330932618,"z":3.4996373653411867},"rotation":{"x":0.5609496831893921,"y":-0.08776833862066269,"z":0.05996803939342499,"w":0.8209978342056274},"size":11.611360549926758,"orthographic":false}