{"cameraMode":{"drawMode":0,"name":"Shaded","section":"Shading Mode"},"sceneLighting":true,"audioPlay":false,"sceneViewState":{"showFog":true,"showMaterialUpdate":false,"showSkybox":true,"showFlares":true,"showImageEffects":true,"showParticleSystems":true},"in2DMode":false,"pivot":{"x":-1.0583109855651856,"y":-0.3307352066040039,"z":0.2291250228881836},"rotation":{"x":-0.042388737201690677,"y":0.9554744362831116,"z":-0.17121276259422303,"w":-0.23655568063259126},"size":10.679448127746582,"orthographic":false}